{"cameraMode":{"drawMode":0,"name":"Shaded","section":"Shading Mode"},"sceneLighting":true,"audioPlay":false,"sceneViewState":{"m_AlwaysRefresh":false,"showFog":true,"showSkybox":true,"showFlares":true,"showImageEffects":true,"showParticleSystems":true,"showVisualEffectGraphs":true,"m_FxEnabled":true},"in2DMode":false,"pivot":{"x":-2.0689306259155275,"y":0.47749999165534975,"z":-5.990732192993164},"rotation":{"x":-0.09058058261871338,"y":0.9030297994613648,"z":-0.3479827642440796,"w":-0.23510444164276124},"size":2.742421865463257,"orthographic":false}